parameter,level,value,scenario,maximum_air_temperature_C,mean_air_temperature_C,maximum_structure_temperature_C,maximum_co2_ppm,mean_co2_ppm,maximum_absolute_pressure_difference_Pa,mean_ventilation_airflow_m3_s,maximum_ventilation_airflow_m3_s,total_fan_energy_proxy_kWh,total_passenger_heat_kWh,total_train_heat_kWh,time_above_27_C_s,time_above_29_C_s,time_above_1000_ppm_s,time_above_1200_ppm_s,minimum_air_mass_kg,maximum_air_mass_kg,minimum_air_changes_per_hour,mean_air_changes_per_hour,maximum_air_changes_per_hour,solver_function_evaluations,solver_success,analysis_threshold_note
station_volume_m3,0,0.8,baseline,30.08960482967342,28.88620867667129,25.945950796848535,600.0,449.8389380311059,1.8661093916452955,39.195484680017444,45.83478557753416,38.001509611405936,10.55,59.730932082731805,3447.5,1912.5,0.0,0.0,12069.019071141547,12233.90327637649,8.680555555555555,13.609543291672724,15.914856103310473,39572,True,"27/29 °C and 1000/1200 ppm are illustrative experiment targets, not universal regulatory limits."
station_volume_m3,1,0.9,baseline,30.004474933665335,28.866740767731784,25.94386444998679,600.0,451.79912228785594,1.8800930393626913,39.081031441561585,45.48392963544829,37.711743958716696,10.55,59.730932082731805,3432.5,1957.5,0.0,0.0,13581.472252194682,13763.14118592355,7.716049382716049,12.062046741222714,14.038249887484042,37334,True,"27/29 °C and 1000/1200 ppm are illustrative experiment targets, not universal regulatory limits."
station_volume_m3,2,1.0,baseline,29.932633083149142,28.846764829156676,25.94171670611246,600.0,453.72673080299785,1.9158530551212607,38.96382157024345,45.181410963617,37.42030503725619,10.55,59.730932082731805,3412.5,1997.5,0.0,0.0,15094.005023253545,15292.379095470611,6.944444444444445,10.823283769512066,12.550391934338053,34928,True,"27/29 °C and 1000/1200 ppm are illustrative experiment targets, not universal regulatory limits."
station_volume_m3,3,1.1,baseline,29.875170382728584,28.826926412929065,25.939580785228543,600.0,455.62049894693143,1.9463889682665467,38.847621089729444,44.92855632386541,37.1370824024554,10.55,59.730932082731805,3392.5,2042.5,0.0,0.0,16606.505126504504,16821.617005017677,6.313131313131312,9.810005325689252,11.345595031279142,32804,True,"27/29 °C and 1000/1200 ppm are illustrative experiment targets, not universal regulatory limits."
station_volume_m3,4,1.2,baseline,29.828082747347025,28.806442587787103,25.937368422514226,600.0,457.49080517013374,1.9798455499258125,38.72772389499687,44.70341014130669,36.84548081824699,10.55,59.730932082731805,3377.5,2062.5,0.0,0.0,18118.99244453158,18350.854914564734,5.787037037037037,8.964750901619645,10.348011606783956,30620,True,"27/29 °C and 1000/1200 ppm are illustrative experiment targets, not universal regulatory limits."
passenger_heat_W_per_person,0,60.0,baseline,29.889363802911248,28.822468498309046,25.938965787593133,600.0,453.79190229194444,1.8937605512328446,38.81842135380588,44.930886865393035,36.97659797335751,8.44,59.730932082731805,3412.5,1927.5,0.0,0.0,15096.146090656996,15292.379095470611,6.944444444444445,10.782894820501634,12.48080190705362,34052,True,"27/29 °C and 1000/1200 ppm are illustrative experiment targets, not universal regulatory limits."
passenger_heat_W_per_person,1,70.0,baseline,29.9185247069683,28.8389137111713,25.94082795166281,600.0,453.7471223389879,1.9084289272286696,38.91682328848469,45.10048392538749,37.27669778427698,9.846666666666666,59.730932082731805,3412.5,1972.5,0.0,0.0,15094.688057581652,15292.379095470611,6.944444444444445,10.810228691245747,12.527912201496525,34634,True,"27/29 °C and 1000/1200 ppm are illustrative experiment targets, not universal regulatory limits."
passenger_heat_W_per_person,2,80.0,baseline,29.946847329859168,28.854900744405594,25.94263752834013,600.0,453.705887982227,1.9231021109735593,39.012511306702706,45.26542127459005,37.56989697639342,11.253333333333334,59.730932082731805,3412.5,2032.5,0.0,0.0,15093.299052398093,15292.379095470611,6.944444444444445,10.836808696306306,12.573728131830567,35252,True,"27/29 °C and 1000/1200 ppm are illustrative experiment targets, not universal regulatory limits."
passenger_heat_W_per_person,3,90.0,baseline,29.97651946148568,28.8711558911104,25.9444779335858,600.0,453.6602889239435,1.9375086020154413,39.10979253573915,45.43543700607931,37.870342481068015,12.66,59.730932082731805,3412.5,2082.5,0.0,0.0,15091.836603376456,15292.379095470611,6.944444444444445,10.863831259927542,12.62095472391092,35648,True,"27/29 °C and 1000/1200 ppm are illustrative experiment targets, not universal regulatory limits."
passenger_heat_W_per_person,4,100.0,baseline,30.005439569067903,28.887324182187744,25.946308324823747,600.0,453.61631993103583,1.952962012437638,39.206560828813615,45.602419303282204,38.171003039752115,14.066666666666666,59.730932082731805,3412.5,2137.5,0.0,0.0,15090.406685873213,15292.379095470611,6.944444444444445,10.890711341337115,12.667338695356168,36164,True,"27/29 °C and 1000/1200 ppm are illustrative experiment targets, not universal regulatory limits."
passenger_co2_L_s_person,0,0.003,baseline,29.933321141268834,28.846839537292244,25.941724891318813,600.0,450.6599261396447,1.9152459409087896,38.964284194544106,45.18539664897292,37.42167157426462,10.55,59.730932082731805,3412.5,1997.5,0.0,0.0,15093.95717449336,15292.379095470611,6.944444444444445,10.823412276262252,12.551499069159144,34724,True,"27/29 °C and 1000/1200 ppm are illustrative experiment targets, not universal regulatory limits."
passenger_co2_L_s_person,1,0.00375,baseline,29.9330772564644,28.84684586050034,25.941725968744493,600.0,452.95949126934283,1.9165604507143144,38.96431007129619,45.184211100468836,37.42194897900224,10.55,59.730932082731805,3412.5,1997.5,0.0,0.0,15093.981775209866,15292.379095470611,6.944444444444445,10.823419464248941,12.551169750130232,34994,True,"27/29 °C and 1000/1200 ppm are illustrative experiment targets, not universal regulatory limits."
passenger_co2_L_s_person,2,0.0045000000000000005,baseline,29.93288624212539,28.846948931994298,25.941737482660585,600.0,455.2574607929881,1.9154062087909551,38.96492635051149,45.18239264954933,37.42374233181957,10.55,59.730932082731805,3412.5,1997.5,0.0,0.0,15093.9967663597,15292.379095470611,6.944444444444445,10.823590652919858,12.550664624874813,34928,True,"27/29 °C and 1000/1200 ppm are illustrative experiment targets, not universal regulatory limits."
passenger_co2_L_s_person,3,0.00525,baseline,29.93298775271353,28.846836232341197,25.941724615289445,600.0,457.55927564389384,1.9164936752640642,38.964249267245776,45.18288272549573,37.421727340474995,10.55,59.730932082731805,3412.5,1997.5,0.0,0.0,15093.992190089,15292.379095470611,6.944444444444445,10.823402574234938,12.550800757082147,34952,True,"27/29 °C and 1000/1200 ppm are illustrative experiment targets, not universal regulatory limits."
passenger_co2_L_s_person,4,0.006,baseline,29.932996910193367,28.84683193113203,25.94172398621123,600.0,459.85525200994516,1.9153541504201712,38.9642337964345,45.183714547747186,37.421502909539385,10.55,59.730932082731805,3412.5,1997.5,0.0,0.0,15093.97454730544,15292.379095470611,6.944444444444445,10.823398276787362,12.551031818818664,35078,True,"27/29 °C and 1000/1200 ppm are illustrative experiment targets, not universal regulatory limits."
train_direct_heat_W,0,150000.0,baseline,29.556808406370067,28.714749309289587,25.926654445057864,600.0,454.01405614925085,0.4436037769773975,38.17997728881069,43.207286513119776,34.91400665378119,10.55,47.2309320827318,3412.5,1767.5,0.0,0.0,15112.6897867279,15292.379095470611,6.944444444444445,10.60554924689186,12.00202403142216,39164,True,"27/29 °C and 1000/1200 ppm are illustrative experiment targets, not universal regulatory limits."
train_direct_heat_W,1,212500.0,baseline,29.77803510172862,28.797940780235468,25.9361461896969,600.0,453.8309293000963,1.1780563718930352,38.67391069465229,44.41604376525836,36.47232003147874,10.55,55.043432082731805,3412.5,1927.5,0.0,0.0,15101.650411026472,15292.379095470611,6.944444444444445,10.74275297073675,12.337789934793987,36554,True,"27/29 °C and 1000/1200 ppm are illustrative experiment targets, not universal regulatory limits."
train_direct_heat_W,2,275000.0,baseline,30.04816525731252,28.879154300576943,25.945411735195876,600.0,453.6579805421418,2.5024891259818105,39.15617263920237,45.70897294787424,38.063229523431204,10.55,62.855932082731805,3412.5,2042.5,0.0,0.0,15088.412597473432,15292.379095470611,6.944444444444445,10.876714622000659,12.696936929965068,33212,True,"27/29 °C and 1000/1200 ppm are illustrative experiment targets, not universal regulatory limits."
train_direct_heat_W,3,337500.0,baseline,30.333378876376173,28.958649748391156,25.954480489172965,600.0,453.4933324016662,4.289233059331309,39.62831240209334,47.04049642295236,39.68978824384318,10.55,70.66843208273181,3412.5,2122.5,0.0,0.0,15074.361146840574,15292.379095470611,6.944444444444445,11.00786455613704,13.06680456193121,28922,True,"27/29 °C and 1000/1200 ppm are illustrative experiment targets, not universal regulatory limits."
train_direct_heat_W,4,400000.0,baseline,30.618462390933928,29.036168533470462,25.96332399251213,600.0,453.33397918219003,6.511259180449997,40.08880670073824,48.3997967864027,41.345074038591605,10.55,78.48093208273181,3412.5,2202.5,0.0,0.0,15060.48384964015,15292.379095470611,6.944444444444445,11.135779639093956,13.444387996222973,26180,True,"27/29 °C and 1000/1200 ppm are illustrative experiment targets, not universal regulatory limits."
structure_outdoor_UA_W_K,0,3000.0,baseline,29.927136587786606,28.84150863793051,25.91695179913546,600.0,453.738295917258,1.9123335477052024,38.93281318307257,45.14967395476787,37.32446714876467,10.55,59.730932082731805,3412.5,1982.5,0.0,0.0,15094.24972780395,15292.379095470611,6.944444444444445,10.814670328631271,12.54157609854663,34766,True,"27/29 °C and 1000/1200 ppm are illustrative experiment targets, not universal regulatory limits."
structure_outdoor_UA_W_K,1,4250.0,baseline,29.930582072084746,28.844942135516078,25.93246404563115,600.0,453.7303408788621,1.913898870072444,38.9530622065026,45.16888396579372,37.38710946401416,10.55,59.730932082731805,3412.5,1997.5,0.0,0.0,15094.107170630723,15292.379095470611,6.944444444444445,10.820295057361832,12.546912212720478,34796,True,"27/29 °C and 1000/1200 ppm are illustrative experiment targets, not universal regulatory limits."
structure_outdoor_UA_W_K,2,5500.0,baseline,29.93448168227036,28.848123057915025,25.94788994949471,600.0,453.7230067464934,1.917665914443205,38.97184110442053,45.19174414126947,37.445196642934604,10.55,59.730932082731805,3412.5,2002.5,0.0,0.0,15093.919247475043,15292.379095470611,6.944444444444445,10.82551141789459,12.553262261463741,35078,True,"27/29 °C and 1000/1200 ppm are illustrative experiment targets, not universal regulatory limits."
structure_outdoor_UA_W_K,3,6750.0,baseline,29.938347903070564,28.85150612356117,25.96328187676926,600.0,453.7173429434496,1.918938848277321,38.99182769596554,45.2158869359857,37.507150116777396,10.55,59.730932082731805,3412.5,2007.5,0.0,0.0,15093.711334799009,15292.379095470611,6.944444444444445,10.831063248879317,12.55996859332936,35198,True,"27/29 °C and 1000/1200 ppm are illustrative experiment targets, not universal regulatory limits."
structure_outdoor_UA_W_K,4,8000.0,baseline,29.94215568570013,28.854734107423063,25.97859936830207,600.0,453.70988509321575,1.9207561174989678,39.01087105393923,45.23791105617054,37.56608288655126,10.55,59.730932082731805,3412.5,2032.5,0.0,0.0,15093.53713002575,15292.379095470611,6.944444444444445,10.836353070538676,12.566086404491816,35270,True,"27/29 °C and 1000/1200 ppm are illustrative experiment targets, not universal regulatory limits."
structure_capacitance_J_K,0,800000000.0,baseline,29.98089013120142,28.886601834255245,26.149999753954148,600.0,453.6466168388277,1.9347666698595276,39.198568099319104,45.46831038397946,38.160541358116134,10.55,59.730932082731805,3412.5,2122.5,0.0,0.0,15091.614263833284,15292.379095470611,6.944444444444445,10.888491138699752,12.630086217772071,36626,True,"27/29 °C and 1000/1200 ppm are illustrative experiment targets, not universal regulatory limits."
structure_capacitance_J_K,1,1100000000.0,baseline,29.940792147552486,28.854044124709315,25.980186563704365,600.0,453.71184960808034,1.9192447703535436,39.00672127257913,45.23160889655941,37.55458228548896,10.55,59.730932082731805,3412.5,2017.5,0.0,0.0,15093.596771049386,15292.379095470611,6.944444444444445,10.835200353494203,12.564335804599835,35228,True,"27/29 °C and 1000/1200 ppm are illustrative experiment targets, not universal regulatory limits."
structure_capacitance_J_K,2,1400000000.0,baseline,29.918982289943642,28.835327675464853,25.880715920798764,600.0,453.74772554283834,1.910131335753249,38.89646986792376,45.099830909247586,37.21020831324377,10.55,59.730932082731805,3412.5,1967.5,0.0,0.0,15094.67563459042,15292.379095470611,6.944444444444445,10.80457496331216,12.52773080812433,34520,True,"27/29 °C and 1000/1200 ppm are illustrative experiment targets, not universal regulatory limits."
structure_capacitance_J_K,3,1700000000.0,baseline,29.902654760800147,28.82275863883724,25.815348323097226,600.0,453.7757895790915,1.9041227698908187,38.8224150917205,45.00604798301037,36.980063369084284,10.55,59.730932082731805,3412.5,1932.5,0.0,0.0,15095.479183551402,15292.379095470611,6.944444444444445,10.784004192144582,12.501679995280657,33866,True,"27/29 °C and 1000/1200 ppm are illustrative experiment targets, not universal regulatory limits."
structure_capacitance_J_K,4,2000000000.0,baseline,29.89369189865039,28.8141792175919,25.769154618017296,600.0,453.79110993391413,1.8994822671375005,38.77186065642316,44.94913473956476,36.824052677638676,10.55,59.730932082731805,3412.5,1907.5,0.0,0.0,15095.931043451283,15292.379095470611,6.944444444444445,10.76996129345088,12.485870760990212,33560,True,"27/29 °C and 1000/1200 ppm are illustrative experiment targets, not universal regulatory limits."
base_airflow_m3_s,0,15.0,baseline,29.818339922654843,28.631955798321236,25.918081264692944,600.0,466.89037953152274,2.3459249526786152,27.773498753665677,34.57677428213509,14.428884120784783,10.55,59.730932082731805,3252.5,1677.5,0.0,0.0,15099.662421979989,15292.379095470611,4.214794751523982,7.714860764907132,9.604659522815304,41960,True,"27/29 °C and 1000/1200 ppm are illustrative experiment targets, not universal regulatory limits."
base_airflow_m3_s,1,21.25,baseline,29.893406501119046,28.7760834875902,25.933940997436594,600.0,457.64257461692665,2.0469222983083455,34.82534988411159,41.23321712758171,27.134702280342168,10.55,59.730932082731805,3377.5,1892.5,0.0,0.0,15095.902590278178,15292.379095470611,5.953834169655802,9.67370830114211,11.453671424328254,36812,True,"27/29 °C and 1000/1200 ppm are illustrative experiment targets, not universal regulatory limits."
base_airflow_m3_s,2,27.5,baseline,29.956415744627975,28.88900429967347,25.946363292064234,600.0,451.56158498791626,1.841847803851124,41.69401605169237,47.80168707585185,45.51219250746317,10.55,59.730932082731805,3432.5,2072.5,0.0,0.0,15092.852963627467,15292.379095470611,6.944444444444445,11.581671125470105,13.278246409958848,33824,True,"27/29 °C and 1000/1200 ppm are illustrative experiment targets, not universal regulatory limits."
base_airflow_m3_s,3,33.75,baseline,30.01005569555889,28.9808529224973,25.956467500301017,600.0,447.2536298273316,1.7614230163453612,48.43815181287387,54.318784599834565,70.48340149543264,10.55,59.730932082731805,3462.5,2242.5,0.0,0.0,15090.23449270673,15292.379095470611,6.944444444444445,13.455042170242741,15.088551277731824,31568,True,"27/29 °C and 1000/1200 ppm are illustrative experiment targets, not universal regulatory limits."
base_airflow_m3_s,4,40.0,baseline,30.05374331043481,29.057086207107595,25.964852400800908,600.0,444.0397463892798,1.7148740806878777,55.08971223492799,60.78648567490451,102.9338664167322,10.55,59.730932082731805,3482.5,2442.5,0.0,0.0,15088.070046082055,15292.379095470611,6.944444444444445,15.302697843035553,16.885134909695697,30188,True,"27/29 °C and 1000/1200 ppm are illustrative experiment targets, not universal regulatory limits."
maximum_airflow_m3_s,0,60.0,baseline,29.932633083149142,28.846764829156676,25.94171670611246,600.0,453.72673080299785,1.9158530551212607,38.96382157024345,45.181410963617,37.42030503725619,10.55,59.730932082731805,3412.5,1997.5,0.0,0.0,15094.005023253545,15292.379095470611,6.944444444444445,10.823283769512066,12.550391934338053,34928,True,"27/29 °C and 1000/1200 ppm are illustrative experiment targets, not universal regulatory limits."
maximum_airflow_m3_s,1,75.0,baseline,29.932633083149142,28.846764829156676,25.94171670611246,600.0,453.72673080299785,1.9158530551212607,38.96382157024345,45.181410963617,37.42030503725619,10.55,59.730932082731805,3412.5,1997.5,0.0,0.0,15094.005023253545,15292.379095470611,6.944444444444445,10.823283769512066,12.550391934338053,34928,True,"27/29 °C and 1000/1200 ppm are illustrative experiment targets, not universal regulatory limits."
maximum_airflow_m3_s,2,90.0,baseline,29.932633083149142,28.846764829156676,25.94171670611246,600.0,453.72673080299785,1.9158530551212607,38.96382157024345,45.181410963617,37.42030503725619,10.55,59.730932082731805,3412.5,1997.5,0.0,0.0,15094.005023253545,15292.379095470611,6.944444444444445,10.823283769512066,12.550391934338053,34928,True,"27/29 °C and 1000/1200 ppm are illustrative experiment targets, not universal regulatory limits."
maximum_airflow_m3_s,3,105.0,baseline,29.932633083149142,28.846764829156676,25.94171670611246,600.0,453.72673080299785,1.9158530551212607,38.96382157024345,45.181410963617,37.42030503725619,10.55,59.730932082731805,3412.5,1997.5,0.0,0.0,15094.005023253545,15292.379095470611,6.944444444444445,10.823283769512066,12.550391934338053,34928,True,"27/29 °C and 1000/1200 ppm are illustrative experiment targets, not universal regulatory limits."
maximum_airflow_m3_s,4,120.0,baseline,29.932633083149142,28.846764829156676,25.94171670611246,600.0,453.72673080299785,1.9158530551212607,38.96382157024345,45.181410963617,37.42030503725619,10.55,59.730932082731805,3412.5,1997.5,0.0,0.0,15094.005023253545,15292.379095470611,6.944444444444445,10.823283769512066,12.550391934338053,34928,True,"27/29 °C and 1000/1200 ppm are illustrative experiment targets, not universal regulatory limits."
leakage_coefficient,0,0.15,baseline,29.936319286808384,28.84681753728265,25.9417229400716,600.0,453.72806400859804,9.4680005597329,38.96423713412968,45.18786577841594,37.421938437146856,10.55,59.730932082731805,3412.5,1997.5,0.0,0.0,15093.955540475983,15292.379095470611,6.944444444444445,10.823399203924915,12.552184938448873,7838,True,"27/29 °C and 1000/1200 ppm are illustrative experiment targets, not universal regulatory limits."
leakage_coefficient,1,0.26249999999999996,baseline,29.933895037573166,28.846934310251065,25.9417360799805,600.0,453.7270592195702,3.3483900957508013,38.96485333058822,45.18558065392035,37.423725622653464,10.55,59.730932082731805,3412.5,1997.5,0.0,0.0,15093.969525650476,15292.379095470611,6.944444444444445,10.82357036960784,12.551550181644542,20012,True,"27/29 °C and 1000/1200 ppm are illustrative experiment targets, not universal regulatory limits."
leakage_coefficient,2,0.375,baseline,29.93309489984307,28.84685520642463,25.941726745551648,600.0,453.72596100069336,1.6702936007350218,38.96437506201847,45.18508224291671,37.42200132463137,10.55,59.730932082731805,3412.5,1997.5,0.0,0.0,15093.963564003387,15292.379095470611,6.944444444444445,10.823437517227353,12.551411734143528,40028,True,"27/29 °C and 1000/1200 ppm are illustrative experiment targets, not universal regulatory limits."
leakage_coefficient,3,0.48749999999999993,baseline,29.932998404692,28.846938441721377,25.941736135672443,600.0,453.72472420883,0.9854437262256397,38.96482902995087,45.1844812624861,37.423472945689156,10.55,59.730932082731805,3412.5,1997.5,0.0,0.0,15093.967155934755,15292.379095470611,6.944444444444445,10.823563619430796,12.551244795135029,69782,True,"27/29 °C and 1000/1200 ppm are illustrative experiment targets, not universal regulatory limits."
leakage_coefficient,4,0.6,baseline,29.932529576932097,28.846914756584123,25.94173316547557,600.0,453.7226088145498,0.6442397320352029,38.96467744766817,45.183149852924856,37.42280071582856,10.55,59.730932082731805,3412.5,1997.5,0.0,0.0,15093.98479497429,15292.379095470611,6.944444444444445,10.823521513241158,12.550874959145794,111686,True,"27/29 °C and 1000/1200 ppm are illustrative experiment targets, not universal regulatory limits."
outdoor_temperature_C,0,28.0,baseline,28.72713432486995,27.775838097204414,25.792770104611066,600.0,457.83142320018663,3.0080033426638693,32.63605311166028,37.92569010012928,21.790705353142396,10.55,59.730932082731805,2712.5,0.0,0.0,0.0,15154.443470778957,15292.379095470611,6.944444444444445,9.065570308794522,10.534913916702576,80390,True,"27/29 °C and 1000/1200 ppm are illustrative experiment targets, not universal regulatory limits."
outdoor_temperature_C,1,30.0,baseline,29.932633083149142,28.846764829156676,25.94171670611246,600.0,453.72673080299785,1.9158530551212607,38.96382157024345,45.181410963617,37.42030503725619,10.55,59.730932082731805,3412.5,1997.5,0.0,0.0,15094.005023253545,15292.379095470611,6.944444444444445,10.823283769512066,12.550391934338053,34928,True,"27/29 °C and 1000/1200 ppm are illustrative experiment targets, not universal regulatory limits."
outdoor_temperature_C,2,32.0,baseline,31.28186387512659,30.060412449098596,26.106731713304953,600.0,450.1676366091011,1.1584634369792184,46.16829611736488,53.27036540184455,62.72297445287294,10.55,59.730932082731805,3492.5,3017.5,0.0,0.0,15027.021260306841,15292.379095470611,6.944444444444445,12.824526699268022,14.797323722734598,18260,True,"27/29 °C and 1000/1200 ppm are illustrative experiment targets, not universal regulatory limits."
outdoor_temperature_C,3,34.0,baseline,32.752269177280084,31.399583654882193,26.2858569374132,600.0,447.2011485196197,2.2661704428464873,54.12547842012316,62.06805622149132,101.69301666340243,10.55,59.730932082731805,3522.5,3307.5,0.0,0.0,14954.691556205957,15292.379095470611,6.944444444444445,15.034855116700877,17.241126728192032,20702,True,"27/29 °C and 1000/1200 ppm are illustrative experiment targets, not universal regulatory limits."
outdoor_temperature_C,4,36.0,baseline,34.31968082995928,32.84356873805945,26.47674877494103,600.0,444.75095786929353,3.9134378282760736,62.70876750840823,71.44491728944028,158.9238309925039,10.55,59.730932082731805,3537.5,3397.5,0.0,0.0,14878.302656493306,15292.379095470611,6.944444444444445,17.419102085668957,19.845810358177857,20546,True,"27/29 °C and 1000/1200 ppm are illustrative experiment targets, not universal regulatory limits."
